Campaign,Ad Group,Keyword,Criterion Type,Final URL,Status
DCODE Search Fase1 Madrid (BORRADOR),GA1 Proveedor de automatizacion,automatización de procesos empresa,Exact,https://dcodepartners.com/automatizacion-procesos,Paused
DCODE Search Fase1 Madrid (BORRADOR),GA1 Proveedor de automatizacion,automatizar procesos empresa,Exact,https://dcodepartners.com/automatizacion-procesos,Paused
DCODE Search Fase1 Madrid (BORRADOR),GA1 Proveedor de automatizacion,empresa de automatización de procesos,Exact,https://dcodepartners.com/automatizacion-procesos,Paused
DCODE Search Fase1 Madrid (BORRADOR),GA1 Proveedor de automatizacion,consultoría automatización procesos,Phrase,https://dcodepartners.com/automatizacion-procesos,Paused
DCODE Search Fase1 Madrid (BORRADOR),GA1 Proveedor de automatizacion,agencia de automatización,Exact,https://dcodepartners.com/automatizacion-procesos,Paused
DCODE Search Fase1 Madrid (BORRADOR),GA1 Proveedor de automatizacion,automatización de procesos madrid,Exact,https://dcodepartners.com/automatizacion-procesos,Paused
DCODE Search Fase1 Madrid (BORRADOR),GA2 Seguimiento comercial,automatizar seguimiento clientes,Phrase,https://dcodepartners.com/automatizacion-seguimiento-comercial,Paused
DCODE Search Fase1 Madrid (BORRADOR),GA2 Seguimiento comercial,automatizar seguimiento de presupuestos,Phrase,https://dcodepartners.com/automatizacion-seguimiento-comercial,Paused
DCODE Search Fase1 Madrid (BORRADOR),GA3 Consultas de clientes,automatizar atención al cliente,Phrase,https://dcodepartners.com/automatizacion-atencion-clientes,Paused
DCODE Search Fase1 Madrid (BORRADOR),GA1 Proveedor de automatizacion,empresa automatización ia madrid,Exact,https://dcodepartners.com/automatizacion-procesos,Paused
DCODE Search Fase1 Madrid (BORRADOR),GA1 Proveedor de automatizacion,consultora ia pymes,Phrase,https://dcodepartners.com/automatizacion-procesos,Paused
DCODE Search Fase1 Madrid (BORRADOR),GA1 Proveedor de automatizacion,presupuesto automatización procesos,Phrase,https://dcodepartners.com/automatizacion-procesos,Paused
DCODE Search Marca (BORRADOR),MARCA D-Code,d-code partners,Exact,https://dcodepartners.com/automatizacion-procesos,Paused
DCODE Search Marca (BORRADOR),MARCA D-Code,dcode partners,Exact,https://dcodepartners.com/automatizacion-procesos,Paused
